District,City ,LocationType,CityType,ConveyanceType,STD,SyncId,Active
RAJASTHAN,ABU ROAD,CITY,C,OTHER,261,C00001,1
TELANGANA,ACHAMPET,CITY,C,OTHER,261,C00002,1
ANDHRA PRADESH,ADDANKI,CITY,C,OTHER,261,C00003,1
KERALA,ADOOR,CITY,C,OTHER,261,C00004,1
UTTAR PRADESH,AGRA,CITY,C,OTHER,261,C00005,1
GUJARAT,AHMEDABAD,CITY,C,OTHER,261,C00006,1
MAHARASHTRA,AHMEDNAGAR,CITY,C,OTHER,261,C00007,1
RAJASTHAN,AJMER,CITY,C,OTHER,261,C00008,1
MAHARASHTRA,AKLUJ,CITY,C,OTHER,261,C00009,1
MAHARASHTRA,AKOLA,CITY,C,OTHER,261,C00010,1
KERALA,ALAPUZHA,CITY,C,OTHER,261,C00011,1
MAHARASHTRA,ALIBAG,CITY,C,OTHER,261,C00012,1
UTTAR PRADESH,ALIGARH,CITY,C,OTHER,261,C00013,1
ANDHRA PRADESH,ALLAGADDA,CITY,C,OTHER,261,C00014,1
UTTAR PRADESH,ALLAHABAD,CITY,C,OTHER,261,C00015,1
TELANGANA,ALLAMPUR X ROAD,CITY,C,OTHER,261,C00016,1
KERALA,ALLEPPEY,CITY,C,OTHER,261,C00017,1
RAJASTHAN,ALWAR,CITY,C,OTHER,261,C00018,1
TELANGANA,AMANGHAL,CITY,C,OTHER,261,C00019,1
HARYANA,AMBALA CITY,CITY,C,OTHER,261,C00020,1
KERALA,AMBALAPUZHA,CITY,C,OTHER,261,C00021,1
GUJARAT,AMBAPUR,CITY,C,OTHER,261,C00022,1
MAHARASHTRA,AMBEJOGAI,CITY,C,OTHER,261,C00023,1
MAHARASHTRA,AMRAVATI,CITY,C,OTHER,261,C00024,1
PUNJAB,AMRITSAR,CITY,C,OTHER,261,C00025,1
GUJARAT,ANAND,CITY,C,OTHER,261,C00026,1
ANDHRA PRADESH,ANANTHAPUR,CITY,C,OTHER,261,C00027,1
ODISHA,ANGUL,CITY,C,OTHER,261,C00028,1
GUJARAT,ANKLESHWAR,CITY,C,OTHER,261,C00029,1
MADHYA PRADESH,ANUPPUR,CITY,C,OTHER,261,C00030,1
TELANGANA,ASIFABAD,CITY,C,OTHER,261,C00031,1
TELANGANA,ASWAPURAM,CITY,C,OTHER,261,C00032,1
TELANGANA,ASWARAOPET,CITY,C,OTHER,261,C00033,1
KARNATAKA,ATHANI,CITY,C,OTHER,261,C00034,1
TELANGANA,ATMAKUR,CITY,C,OTHER,261,C00035,1
TAMIL NADU,ATTUR,CITY,C,OTHER,261,C00036,1
MAHARASHTRA,AUNDH,CITY,C,OTHER,261,C00037,1
UTTAR PRADESH,AURAIYA,CITY,C,OTHER,261,C00038,1
MAHARASHTRA,AURANGABAD,CITY,C,OTHER,261,C00039,1
KARNATAKA,BABALESHWA,CITY,C,OTHER,261,C00040,1
UTTAR PRADESH,BABRALA,CITY,C,OTHER,261,C00041,1
HIMACHAL PRADESH,BADDI,CITY,C,OTHER,261,C00042,1
UTTAR PRADESH,BALLIA,CITY,C,OTHER,261,C00043,1
KARNATAKA,BANGALORE,CITY,C,OTHER,261,C00044,1
RAJASTHAN,BANSWARA,CITY,C,OTHER,261,C00045,1
MAHARASHTRA,BARAMATI,CITY,C,OTHER,261,C00046,1
RAJASTHAN,BARAN,CITY,C,OTHER,261,C00047,1
UTTAR PRADESH,BAREILLY,CITY,C,OTHER,261,C00048,1
ODISHA,BARGARH,CITY,C,OTHER,261,C00049,1
ODISHA,BARIPADA,CITY,C,OTHER,261,C00050,1
RAJASTHAN,BARMER,CITY,C,OTHER,261,C00051,1
PUNJAB,BARNALA,CITY,C,OTHER,261,C00052,1
MAHARASHTRA,BASMATNAGAR,CITY,C,OTHER,261,C00053,1
UTTAR PRADESH,BASTI,CITY,C,OTHER,261,C00054,1
PUNJAB,BATALA,CITY,C,OTHER,261,C00055,1
PUNJAB,BATHINDA,CITY,C,OTHER,261,C00056,1
DELHI,BAWANA,CITY,C,OTHER,261,C00057,1
PUNJAB,BEAS,CITY,C,OTHER,261,C00058,1
MAHARASHTRA,BEED,CITY,C,OTHER,261,C00059,1
BIHAR,BEGUSARAI,CITY,C,OTHER,261,C00060,1
KARNATAKA,BELGAUM,CITY,C,OTHER,261,C00061,1
TELANGANA,BELLAMPALLY,CITY,C,OTHER,261,C00062,1
KARNATAKA,BELLARY,CITY,C,OTHER,261,C00063,1
ODISHA,BELPAHAR,CITY,C,OTHER,261,C00064,1
KARNATAKA,BENGALURU,CITY,C,OTHER,261,C00065,1
ODISHA,BERHAMPUR,CITY,C,OTHER,261,C00066,1
BIHAR,BETTIAH,CITY,C,OTHER,261,C00067,1
MADHYA PRADESH,BETUL,CITY,C,OTHER,261,C00068,1
TELANGANA,BHADRACHALAM,CITY,C,OTHER,261,C00069,1
BIHAR,BHAGALPUR,CITY,C,OTHER,261,C00070,1
TELANGANA,BHAINSA,CITY,C,OTHER,261,C00071,1
GUJARAT,BHARUCH,CITY,C,OTHER,261,C00072,1
PUNJAB,BHATINDA,CITY,C,OTHER,261,C00073,1
GUJARAT,BHAVNAGAR,CITY,C,OTHER,261,C00074,1
RAJASTHAN,BHILWARA,CITY,C,OTHER,261,C00075,1
MAHARASHTRA,BHINGAR,CITY,C,OTHER,261,C00076,1
RAJASTHAN,BHIWADI,CITY,C,OTHER,261,C00077,1
MAHARASHTRA,BHIWANDI,CITY,C,OTHER,261,C00078,1
MAHARASHTRA,BHOKAR,CITY,C,OTHER,261,C00079,1
MADHYA PRADESH,BHOPAL,CITY,C,OTHER,261,C00080,1
MAHARASHTRA,BHOSARE,CITY,C,OTHER,261,C00081,1
ODISHA,BHUBANESWAR,CITY,C,OTHER,261,C00082,1
GUJARAT,BHUJ,CITY,C,OTHER,261,C00083,1
TELANGANA,BHUPALPALLY,CITY,C,OTHER,261,C00084,1
KARNATAKA,BIDAR,CITY,C,OTHER,261,C00085,1
TELANGANA,BIGINEPALLY,CITY,C,OTHER,261,C00086,1
KARNATAKA,BIJAPUR,CITY,C,OTHER,261,C00087,1
RAJASTHAN,BIKANER,CITY,C,OTHER,261,C00088,1
CHHATTISGARH,BILASPUR,CITY,C,OTHER,261,C00089,1
BIHAR,BODHGAYA,CITY,C,OTHER,261,C00090,1
JHARKHAND,BOKARO STEEL CITY,CITY,C,OTHER,261,C00091,1
KARNATAKA,BRAHMAVARA,CITY,C,OTHER,261,C00092,1
MAHARASHTRA,BUDHGAON,CITY,C,OTHER,261,C00093,1
UTTAR PRADESH,BULANDSHAHAR,CITY,C,OTHER,261,C00094,1
WEST BENGAL,BURDWAN,CITY,C,OTHER,261,C00095,1
TELANGANA,C PENDYAL,CITY,C,OTHER,261,C00096,1
KERALA,CALICUT,CITY,C,OTHER,261,C00097,1
KARNATAKA,CHAMARAJANAGAR,CITY,C,OTHER,261,C00098,1
CHHATTISGARH,CHAMPA,CITY,C,OTHER,261,C00099,1
RAJASTHAN,CHANDERIA,CITY,C,OTHER,261,C00100,1
CHANDIGARH,CHANDIGARH,CITY,C,OTHER,261,C00101,1
MAHARASHTRA,CHANDRAPUR,CITY,C,OTHER,261,C00102,1
TELANGANA,CHANDRUKONDA,CITY,C,OTHER,261,C00103,1
KARNATAKA,CHANNARAYA,CITY,C,OTHER,261,C00104,1
KERALA,CHEHGANNUR,CITY,C,OTHER,261,C00105,1
TAMIL NADU,CHENGALPET,CITY,C,OTHER,261,C00106,1
KERALA,CHENGANNUR,CITY,C,OTHER,261,C00107,1
TAMIL NADU,CHENNAI,CITY,C,OTHER,261,C00108,1
TELANGANA,CHENNUR,CITY,C,OTHER,261,C00109,1
TELANGANA,CHERLA,CITY,C,OTHER,261,C00110,1
KERALA,CHERTHALA,CITY,C,OTHER,261,C00111,1
TELANGANA,CHERYAL,CITY,C,OTHER,261,C00112,1
TELANGANA,CHEVELLA,CITY,C,OTHER,261,C00113,1
MADHYA PRADESH,CHHINDWARA,CITY,C,OTHER,261,C00114,1
KARNATAKA,CHIKKABALLAPUR,CITY,C,OTHER,261,C00115,1
KARNATAKA,CHIKMAGALUR,CITY,C,OTHER,261,C00116,1
ANDHRA PRADESH,CHIRALA,CITY,C,OTHER,261,C00117,1
KARNATAKA,CHITRADURG,CITY,C,OTHER,261,C00118,1
ANDHRA PRADESH,CHITTOOR,CITY,C,OTHER,261,C00119,1
KERALA,COCHIN,CITY,C,OTHER,261,C00120,1
KERALA,Cochin town,CITY,C,OTHER,261,C00121,1
TAMIL NADU,COIMBATORE,CITY,C,OTHER,261,C00122,1
TAMIL NADU,CUMBUM,CITY,C,OTHER,261,C00123,1
ANDHRA PRADESH,DACHEPALLI,CITY,C,OTHER,261,C00124,1
DADRA AND NAGAR HAVELI,DADRA & NAGAR HAVELI,CITY,C,OTHER,261,C00125,1
GUJARAT,DAHEJ,CITY,C,OTHER,261,C00126,1
TELANGANA,DAMMAPET,CITY,C,OTHER,261,C00127,1
MAHARASHTRA,DAPOLI,CITY,C,OTHER,261,C00128,1
KARNATAKA,DAVANGERE,CITY,C,OTHER,261,C00129,1
MAHARASHTRA,DEGLOOR,CITY,C,OTHER,261,C00130,1
GUJARAT,DEHGAM,CITY,C,OTHER,261,C00131,1
UTTARAKHAND,DEHRADUN,CITY,C,OTHER,261,C00132,1
DELHI,DELHI,CITY,C,OTHER,261,C00133,1
JHARKHAND,DEOGHAR,CITY,C,OTHER,261,C00134,1
UTTAR PRADESH,DEORIA,CITY,C,OTHER,261,C00135,1
TAMIL NADU,DHALAVAIPURAM,CITY,C,OTHER,261,C00136,1
GUJARAT,DHANERA,CITY,C,OTHER,261,C00137,1
MADHYA PRADESH,DHAR,CITY,C,OTHER,261,C00138,1
MAHARASHTRA,DHARANGAOU,CITY,C,OTHER,261,C00139,1
ODISHA,DHENKANAL,CITY,C,OTHER,261,C00140,1
GUJARAT,DHOLKA,CITY,C,OTHER,261,C00141,1
GUJARAT,DHRANGADHRA,CITY,C,OTHER,261,C00142,1
MAHARASHTRA,DHULE,CITY,C,OTHER,261,C00143,1
WEST BENGAL,DHULIYAN,CITY,C,OTHER,261,C00144,1
ASSAM,DIBRUGARH,CITY,C,OTHER,261,C00145,1
TAMIL NADU,DINDIGUL,CITY,C,OTHER,261,C00146,1
DAMAN AND DIU,DIU,CITY,C,OTHER,261,C00147,1
KARNATAKA,DODDABALLA,CITY,C,OTHER,261,C00148,1
WEST BENGAL,DURGAPUR,CITY,C,OTHER,261,C00149,1
GUJARAT,DWARKA,CITY,C,OTHER,261,C00150,1
ANDHRA PRADESH,EAST GODAVARI,CITY,C,OTHER,261,C00151,1
TELANGANA,ENKUR,CITY,C,OTHER,261,C00152,1
KERALA,ERNAKULAM,CITY,C,OTHER,261,C00153,1
TAMIL NADU,ERODE,CITY,C,OTHER,261,C00154,1
TELANGANA,ETURU NAGARAM,CITY,C,OTHER,261,C00155,1
HARYANA,FARIDABAD,CITY,C,OTHER,261,C00156,1
UTTAR PRADESH,FIROZABAD,CITY,C,OTHER,261,C00157,1
PUNJAB,FIROZEPUR,CITY,C,OTHER,261,C00158,1
KARNATAKA,GADAG,CITY,C,OTHER,261,C00159,1
TELANGANA,GADWAL,CITY,C,OTHER,261,C00160,1
GUJARAT,GANDHIANGAR,CITY,C,OTHER,261,C00161,1
GUJARAT,GANDHINAGAR,CITY,C,OTHER,261,C00162,1
KARNATAKA,GANGAVATI,CITY,C,OTHER,261,C00163,1
TELANGANA,GAREPALLY,CITY,C,OTHER,261,C00164,1
UTTAR PRADESH,GAUTAMBUDDHNAGAR,CITY,C,OTHER,261,C00165,1
BIHAR,GAYA,CITY,C,OTHER,261,C00166,1
TELANGANA,GHANPUR,CITY,C,OTHER,261,C00167,1
UTTAR PRADESH,GHAZIABAD,CITY,C,OTHER,261,C00168,1
ANDHRA PRADESH,GIDDALUR,CITY,C,OTHER,261,C00169,1
GOA,GOA,CITY,C,OTHER,261,C00170,1
MAHARASHTRA,GODOLI,CITY,C,OTHER,261,C00171,1
KARNATAKA,GOKAK,CITY,C,OTHER,261,C00172,1
TRIPURA,GOMATI DISTRICT,CITY,C,OTHER,261,C00173,1
MAHARASHTRA,GONDIA,CITY,C,OTHER,261,C00174,1
BIHAR,GOPALGANJ,CITY,C,OTHER,261,C00175,1
UTTAR PRADESH,GORAKHPUR,CITY,C,OTHER,261,C00176,1
KARNATAKA,GULBARGA,CITY,C,OTHER,261,C00177,1
MADHYA PRADESH,GUNA,CITY,C,OTHER,261,C00178,1
ANDHRA PRADESH,GUNTUR,CITY,C,OTHER,261,C00179,1
HARYANA,GURGAON,CITY,C,OTHER,261,C00180,1
ASSAM,GUWAHATI,CITY,C,OTHER,261,C00181,1
MADHYA PRADESH,GWALIOR,CITY,C,OTHER,261,C00182,1
KARNATAKA,HADAGALI,CITY,C,OTHER,261,C00183,1
UTTARAKHAND,HALDWANI,CITY,C,OTHER,261,C00184,1
HIMACHAL PRADESH,HAMIRPUR,CITY,C,OTHER,261,C00185,1
TELANGANA,HANAMKONDA,CITY,C,OTHER,261,C00186,1
RAJASTHAN,HANUMANGARH,CITY,C,OTHER,261,C00187,1
UTTARAKHAND,HARIDWAR,CITY,C,OTHER,261,C00188,1
KARNATAKA,HARIHAR,CITY,C,OTHER,261,C00189,1
KERALA,HARIPAD,CITY,C,OTHER,261,C00190,1
KERALA,HARIPPAD,CITY,C,OTHER,261,C00191,1
KARNATAKA,HARUGERI,CITY,C,OTHER,261,C00192,1
KARNATAKA,HASSAN,CITY,C,OTHER,261,C00193,1
MAHARASHTRA,HAVELI,CITY,C,OTHER,261,C00194,1
KARNATAKA,HAVERI,CITY,C,OTHER,261,C00195,1
GUJARAT,HAZIRA,CITY,C,OTHER,261,C00196,1
TELANGANA,HAZURNAGAR,CITY,C,OTHER,261,C00197,1
KARNATAKA,HEMMADY,CITY,C,OTHER,261,C00198,1
GUJARAT,HIMATNAGAR,CITY,C,OTHER,261,C00199,1
ANDHRA PRADESH,HINDUPUR,CITY,C,OTHER,261,C00200,1
MAHARASHTRA,HINGOLI,CITY,C,OTHER,261,C00201,1
ODISHA,HIRAKUD,CITY,C,OTHER,261,C00202,1
HARYANA,HISAR,CITY,C,OTHER,261,C00203,1
KARNATAKA,HONNALI,CITY,C,OTHER,261,C00204,1
KARNATAKA,HOSADURGA,CITY,C,OTHER,261,C00205,1
MADHYA PRADESH,HOSHANGABAD,CITY,C,OTHER,261,C00206,1
KARNATAKA,HOSPET,CITY,C,OTHER,261,C00207,1
TAMIL NADU,HOSUR,CITY,C,OTHER,261,C00208,1
WEST BENGAL,HOWRAH,CITY,C,OTHER,261,C00209,1
KARNATAKA,HUBLI,CITY,C,OTHER,261,C00210,1
TELANGANA,HYDERABAD,CITY,C,OTHER,261,C00211,1
MAHARASHTRA,ICHALKARANJI,CITY,C,OTHER,261,C00212,1
TELANGANA,IEEZA,CITY,C,OTHER,261,C00213,1
MADHYA PRADESH,INDORE,CITY,C,OTHER,261,C00214,1
MAHARASHTRA,ISLAMPUR,CITY,C,OTHER,261,C00215,1
MADHYA PRADESH,JABALPUR,CITY,C,OTHER,261,C00216,1
HARYANA,JAGADHARI,CITY,C,OTHER,261,C00217,1
TELANGANA,JAGCHERLA,CITY,C,OTHER,261,C00218,1
RAJASTHAN,JAIPUR,CITY,C,OTHER,261,C00219,1
ODISHA,JAJPUR,CITY,C,OTHER,261,C00220,1
PUNJAB,JALANDHAR,CITY,C,OTHER,261,C00221,1
MAHARASHTRA,JALGAON,CITY,C,OTHER,261,C00222,1
MAHARASHTRA,JALNA,CITY,C,OTHER,261,C00223,1
MAHARASHTRA,JAMKHED,CITY,C,OTHER,261,C00224,1
ANDHRA PRADESH,JAMMALAMADUGU,CITY,C,OTHER,261,C00225,1
JAMMU AND KASHMIR,JAMMU,CITY,C,OTHER,261,C00226,1
GUJARAT,JAMNAGAR,CITY,C,OTHER,261,C00227,1
MAHARASHTRA,JAMNER,CITY,C,OTHER,261,C00228,1
JHARKHAND,JAMSHEDPUR,CITY,C,OTHER,261,C00229,1
TELANGANA,JANAGAOAN,CITY,C,OTHER,261,C00230,1
TELANGANA,JANNARAM,CITY,C,OTHER,261,C00231,1
MADHYA PRADESH,JAORA,CITY,C,OTHER,261,C00232,1
MAHARASHTRA,JAULAKE,CITY,C,OTHER,261,C00233,1
UTTAR PRADESH,JAUNPUR,CITY,C,OTHER,261,C00234,1
HARYANA,JHAJJAR,CITY,C,OTHER,261,C00235,1
RAJASTHAN,JHALAWAR,CITY,C,OTHER,261,C00236,1
UTTAR PRADESH,JHANSI,CITY,C,OTHER,261,C00237,1
HIMACHAL PRADESH,JHARMAJRI,CITY,C,OTHER,261,C00238,1
ODISHA,JHARSUGUDA,CITY,C,OTHER,261,C00239,1
RAJASTHAN,JHUNJHUNU,CITY,C,OTHER,261,C00240,1
RAJASTHAN,JODHPUR,CITY,C,OTHER,261,C00241,1
ANDHRA PRADESH,JULURUPADU,CITY,C,OTHER,261,C00242,1
ANDHRA PRADESH,KADAPA,CITY,C,OTHER,261,C00243,1
GUJARAT,KADI,CITY,C,OTHER,261,C00244,1
MAHARASHTRA,KAGAL,CITY,C,OTHER,261,C00245,1
HARYANA,KAITHAL,CITY,C,OTHER,261,C00246,1
ANDHRA PRADESH,KAKINADA,CITY,C,OTHER,261,C00247,1
TELANGANA,KALLURU,CITY,C,OTHER,261,C00248,1
GUJARAT,KALOL,CITY,C,OTHER,261,C00249,1
TELANGANA,KALWAKURTHY,CITY,C,OTHER,261,C00250,1
KARNATAKA,KAMPLI,CITY,C,OTHER,261,C00251,1
TAMIL NADU,KANCHIPURAM,CITY,C,OTHER,261,C00252,1
RAJASTHAN,KANKAROLI,CITY,C,OTHER,261,C00253,1
KERALA,KANNUR,CITY,C,OTHER,261,C00254,1
UTTAR PRADESH,KANPUR,CITY,C,OTHER,261,C00255,1
GUJARAT,KAPADVANJ,CITY,C,OTHER,261,C00256,1
MAHARASHTRA,KARAD,CITY,C,OTHER,261,C00257,1
TAMIL NADU,KARAIKAL,CITY,C,OTHER,261,C00258,1
TAMIL NADU,KARAIKUDI,CITY,C,OTHER,261,C00259,1
ANDHRA PRADESH,KAREMPUDI,CITY,C,OTHER,261,C00260,1
TAMIL NADU,KARUR,CITY,C,OTHER,261,C00261,1
KERALA,KASARAGOD,CITY,C,OTHER,261,C00262,1
KERALA,KASARGOD,CITY,C,OTHER,261,C00263,1
UTTARAKHAND,KASHIPUR,CITY,C,OTHER,261,C00264,1
BIHAR,KATIHAR,CITY,C,OTHER,261,C00265,1
MADHYA PRADESH,KATNI,CITY,C,OTHER,261,C00266,1
KERALA,KAYAMKULAM,CITY,C,OTHER,261,C00267,1
TELANGANA,KESAMUDRAM,CITY,C,OTHER,261,C00268,1
TELANGANA,KHAJIPET,CITY,C,OTHER,261,C00269,1
TELANGANA,KHAMMAM,CITY,C,OTHER,261,C00270,1
MAHARASHTRA,KHANAPUR (MH),CITY,C,OTHER,261,C00271,1
TELANGANA,KHANAPUR,CITY,C,OTHER,261,C00272,1
GUJARAT,KHATRAJ,CITY,C,OTHER,261,C00273,1
ODISHA,KHURDA,CITY,C,OTHER,261,C00274,1
KERALA,KOCHI,CITY,C,OTHER,261,C00275,1
TELANGANA,KODANGAL,CITY,C,OTHER,261,C00276,1
ASSAM,KOKRAJHAR,CITY,C,OTHER,261,C00277,1
KARNATAKA,KOLAR,CITY,C,OTHER,261,C00278,1
MAHARASHTRA,KOLHAPUR,CITY,C,OTHER,261,C00279,1
WEST BENGAL,KOLKATA,CITY,C,OTHER,261,C00280,1
KERALA,KOLLAM,CITY,C,OTHER,261,C00281,1
KARNATAKA,KOPPAL,CITY,C,OTHER,261,C00282,1
TELANGANA,KOSGI,CITY,C,OTHER,261,C00283,1
RAJASTHAN,KOTA,CITY,C,OTHER,261,C00284,1
UTTARAKHAND,KOTDWAR,CITY,C,OTHER,261,C00285,1
KARNATAKA,KOTESHWAR,CITY,C,OTHER,261,C00286,1
TELANGANA,KOTHAGUDEM,CITY,C,OTHER,261,C00287,1
TELANGANA,KOTHAKOTA,CITY,C,OTHER,261,C00288,1
KERALA,KOTTAYAM,CITY,C,OTHER,261,C00289,1
ANDHRA PRADESH,KRISHNA DISTRICT,CITY,C,OTHER,261,C00290,1
TAMIL NADU,KUMBAKONAM,CITY,C,OTHER,261,C00291,1
ANDHRA PRADESH,KUPPAM,CITY,C,OTHER,261,C00292,1
ANDHRA PRADESH,KURNOOL,CITY,C,OTHER,261,C00293,1
HARYANA,KURUKSHETRA,CITY,C,OTHER,261,C00294,1
KARNATAKA,KUSHALNAGAR,CITY,C,OTHER,261,C00295,1
UTTAR PRADESH,KUSHINAGAR,CITY,C,OTHER,261,C00296,1
GUJARAT,KUTCH,CITY,C,OTHER,261,C00297,1
UTTAR PRADESH,LALITPUR,CITY,C,OTHER,261,C00298,1
MAHARASHTRA,LATUR,CITY,C,OTHER,261,C00299,1
TELANGANA,LAXETTI PET,CITY,C,OTHER,261,C00300,1
KARNATAKA,LINGASUGUR,CITY,C,OTHER,261,C00301,1
MAHARASHTRA,LONI,CITY,C,OTHER,261,C00302,1
UTTAR PRADESH,LUCKNOW,CITY,C,OTHER,261,C00303,1
PUNJAB,LUDHIANA,CITY,C,OTHER,261,C00304,1
ANDHRA PRADESH,MACHERLA,CITY,C,OTHER,261,C00305,1
TAMIL NADU,MADDUR,CITY,C,OTHER,261,C00306,1
TELANGANA,MADHIRA,CITY,C,OTHER,261,C00307,1
KARNATAKA,MADIKERI,CITY,C,OTHER,261,C00308,1
TELANGANA,MADIKONDA,CITY,C,OTHER,261,C00309,1
TAMIL NADU,MADURAI,CITY,C,OTHER,261,C00310,1
GUJARAT,MAGARWADA,CITY,C,OTHER,261,C00311,1
TELANGANA,MAHABOOBABAD,CITY,C,OTHER,261,C00312,1
TELANGANA,MAHABOOBNAGAR,CITY,C,OTHER,261,C00313,1
KARNATAKA,MAHALINGPUR,CITY,C,OTHER,261,C00314,1
TELANGANA,MAHBUBNAGAR,CITY,C,OTHER,261,C00315,1
MAHARASHTRA,MAJALGAON,CITY,C,OTHER,261,C00316,1
TELANGANA,MAKTHAL,CITY,C,OTHER,261,C00317,1
KERALA,MALAPPURAM,CITY,C,OTHER,261,C00318,1
WEST BENGAL,MALDA,CITY,C,OTHER,261,C00319,1
MAHARASHTRA,MALEGAON,CITY,C,OTHER,261,C00320,1
MAHARASHTRA,MALKAPUR,CITY,C,OTHER,261,C00321,1
TELANGANA,MALLAMPALLY,CITY,C,OTHER,261,C00322,1
TELANGANA,MANAGAPETA,CITY,C,OTHER,261,C00323,1
TELANGANA,MANCHIRYAL,CITY,C,OTHER,261,C00324,1
HIMACHAL PRADESH,MANDI,CITY,C,OTHER,261,C00325,1
MADHYA PRADESH,MANDSAUR,CITY,C,OTHER,261,C00326,1
KARNATAKA,MANGALORE,CITY,C,OTHER,261,C00327,1
TELANGANA,MANTHANI,CITY,C,OTHER,261,C00328,1
TELANGANA,MANUGURU,CITY,C,OTHER,261,C00329,1
TELANGANA,MARIPEDA,CITY,C,OTHER,261,C00330,1
TELANGANA,MARKAL,CITY,C,OTHER,261,C00331,1
ANDHRA PRADESH,MARKAPUR,CITY,C,OTHER,261,C00332,1
UTTAR PRADESH,MATHURA,CITY,C,OTHER,261,C00333,1
UTTAR PRADESH,MAU,CITY,C,OTHER,261,C00334,1
KERALA,MAVELIKARA,CITY,C,OTHER,261,C00335,1
TAMIL NADU,MAYILADUTHURAI,CITY,C,OTHER,261,C00336,1
TELANGANA,MEDAK,CITY,C,OTHER,261,C00337,1
GUJARAT,MEHSANA,CITY,C,OTHER,261,C00338,1
UTTAR PRADESH,MEJA,CITY,C,OTHER,261,C00339,1
TELANGANA,MHADEVPUR,CITY,C,OTHER,261,C00340,1
WEST BENGAL,MIDNAPORE,CITY,C,OTHER,261,C00341,1
MAHARASHTRA,MIRAJ,CITY,C,OTHER,261,C00342,1
TELANGANA,MIRYALAGUD,CITY,C,OTHER,261,C00343,1
GUJARAT,MITHAPUR,CITY,C,OTHER,261,C00344,1
PUNJAB,MOHALI,CITY,C,OTHER,261,C00345,1
UTTAR PRADESH,MORADABAD,CITY,C,OTHER,261,C00346,1
GUJARAT,MORBI,CITY,C,OTHER,261,C00347,1
MAHARASHTRA,MULANA,CITY,C,OTHER,261,C00348,1
TELANGANA,MULUGU,CITY,C,OTHER,261,C00349,1
MAHARASHTRA,MUMBAI,CITY,C,OTHER,261,C00350,1
GUJARAT,MUNDRA,CITY,C,OTHER,261,C00351,1
UTTAR PRADESH,MUZAFFARNAGAR,CITY,C,OTHER,261,C00352,1
BIHAR,MUZAFFARPUR,CITY,C,OTHER,261,C00353,1
ANDHRA PRADESH,MYDUKUR,CITY,C,OTHER,261,C00354,1
KARNATAKA,MYSORE,CITY,C,OTHER,261,C00355,1
TELANGANA,NAGAR KURNOOL,CITY,C,OTHER,261,C00356,1
TAMIL NADU,NAGARCOIL,CITY,C,OTHER,261,C00357,1
ANDHRA PRADESH,NAGARI,CITY,C,OTHER,261,C00358,1
MADHYA PRADESH,NAGDA,CITY,C,OTHER,261,C00359,1
MAHARASHTRA,NAGOTHANE,CITY,C,OTHER,261,C00360,1
MAHARASHTRA,NAGPUR,CITY,C,OTHER,261,C00361,1
TELANGANA,NAKREKAL,CITY,C,OTHER,261,C00362,1
TELANGANA,NALGONDA,CITY,C,OTHER,261,C00363,1
TAMIL NADU,NAMAKKAL,CITY,C,OTHER,261,C00364,1
MAHARASHTRA,NANDED,CITY,C,OTHER,261,C00365,1
ANDHRA PRADESH,NANDIGAMA,CITY,C,OTHER,261,C00366,1
MAHARASHTRA,NANDURBAR,CITY,C,OTHER,261,C00367,1
ANDHRA PRADESH,NANDYAL,CITY,C,OTHER,261,C00368,1
TELANGANA,NARAYANPET,CITY,C,OTHER,261,C00369,1
TELANGANA,NARKETPALLY,CITY,C,OTHER,261,C00370,1
HARYANA,NARNAUL,CITY,C,OTHER,261,C00371,1
TELANGANA,NARSAMPET,CITY,C,OTHER,261,C00372,1
MAHARASHTRA,NASIK,CITY,C,OTHER,261,C00373,1
MAHARASHTRA,NAVAPUR,CITY,C,OTHER,261,C00374,1
MAHARASHTRA,NAVI MUMBAI,CITY,C,OTHER,261,C00375,1
GUJARAT,NAVSARI,CITY,C,OTHER,261,C00376,1
ANDHRA PRADESH,NELLORE,CITY,C,OTHER,261,C00377,1
DELHI,NEW DELHI,CITY,C,OTHER,261,C00378,1
KARNATAKA,NIPANI,CITY,C,OTHER,261,C00379,1
TELANGANA,NIZAMABAD,CITY,C,OTHER,261,C00380,1
KERALA,NOORANAD,CITY,C,OTHER,261,C00381,1
ANDHRA PRADESH,OBULAVARIPALLI,CITY,C,OTHER,261,C00382,1
GOA,OLD GOA,CITY,C,OTHER,261,C00383,1
MAHARASHTRA,OMERGA,CITY,C,OTHER,261,C00384,1
ANDHRA PRADESH,ONGOLE,CITY,C,OTHER,261,C00385,1
MAHARASHTRA,OSMANABAD,CITY,C,OTHER,261,C00386,1
MAHARASHTRA,OTUR,CITY,C,OTHER,261,C00387,1
KARNATAKA,PADUBIDRI,CITY,C,OTHER,261,C00388,1
KERALA,PALAKKAD,CITY,C,OTHER,261,C00389,1
TELANGANA,PALAKURTHY,CITY,C,OTHER,261,C00390,1
GUJARAT,PALANPUR,CITY,C,OTHER,261,C00391,1
MAHARASHTRA,PALDHI,CITY,C,OTHER,261,C00392,1
ANDHRA PRADESH,PALLAMANER,CITY,C,OTHER,261,C00393,1
TELANGANA,PALVANCHA,CITY,C,OTHER,261,C00394,1
HARYANA,PALWAL,CITY,C,OTHER,261,C00395,1
ANDHRA PRADESH,PAMUR,CITY,C,OTHER,261,C00396,1
GOA,PANAJI,CITY,C,OTHER,261,C00397,1
PUNJAB,PANCHANWAL,CITY,C,OTHER,261,C00398,1
KERALA,PANDALAM,CITY,C,OTHER,261,C00399,1
MAHARASHTRA,PANDHARPUR,CITY,C,OTHER,261,C00400,1
HARYANA,PANIPAT,CITY,C,OTHER,261,C00401,1
GOA,PANJIM,CITY,C,OTHER,261,C00402,1
TAMIL NADU,PANRUTI,CITY,C,OTHER,261,C00403,1
MAHARASHTRA,PANVEL,CITY,C,OTHER,261,C00404,1
HIMACHAL PRADESH,PAONTA SAHIB,CITY,C,OTHER,261,C00405,1
ODISHA,PARADEEP,CITY,C,OTHER,261,C00406,1
TELANGANA,PARAKALA,CITY,C,OTHER,261,C00407,1
MAHARASHTRA,PARBHANI,CITY,C,OTHER,261,C00408,1
TELANGANA,PARIGI,CITY,C,OTHER,261,C00409,1
MAHARASHTRA,PARLI VAIJ,CITY,C,OTHER,261,C00410,1
WEST BENGAL,PASCHIM MIDNAPORE,CITY,C,OTHER,261,C00411,1
TELANGANA,PASRA,CITY,C,OTHER,261,C00412,1
MAHARASHTRA,PATALGANGA,CITY,C,OTHER,261,C00413,1
GUJARAT,PATAN,CITY,C,OTHER,261,C00414,1
KERALA,PATHANAMTHITA,CITY,C,OTHER,261,C00415,1
PUNJAB,PATIALA,CITY,C,OTHER,261,C00416,1
BIHAR,PATNA,CITY,C,OTHER,261,C00417,1
TAMIL NADU,PATTANUR,CITY,C,OTHER,261,C00418,1
ANDHRA PRADESH,PATTIKONDA,CITY,C,OTHER,261,C00419,1
KERALA,PAYYANNUR,CITY,C,OTHER,261,C00420,1
TELANGANA,PEBBER,CITY,C,OTHER,261,C00421,1
KERALA,PERINTHALMANNA,CITY,C,OTHER,261,C00422,1
MAHARASHTRA,PHALTAN,CITY,C,OTHER,261,C00423,1
ANDHRA PRADESH,PIDUGURALLA,CITY,C,OTHER,261,C00424,1
MAHARASHTRA,PIMPALGAON,CITY,C,OTHER,261,C00425,1
GOA,PONDA,CITY,C,OTHER,261,C00426,1
PUDUCHERRY,PONDICHERRY,CITY,C,OTHER,261,C00427,1
ANDAMAN AND NICOBAR ISLAND,PORT BLAIR,CITY,C,OTHER,261,C00428,1
ANDHRA PRADESH,PULIVENDULA,CITY,C,OTHER,261,C00429,1
MAHARASHTRA,PUNE,CITY,C,OTHER,261,C00430,1
ANDHRA PRADESH,PUNGANUR,CITY,C,OTHER,261,C00431,1
WEST BENGAL,PURBA MIDNAPORE,CITY,C,OTHER,261,C00432,1
BIHAR,PURNIA,CITY,C,OTHER,261,C00433,1
MAHARASHTRA,PUSAD,CITY,C,OTHER,261,C00434,1
MAHARASHTRA,RAHURI,CITY,C,OTHER,261,C00435,1
KARNATAKA,RAICHUR,CITY,C,OTHER,261,C00436,1
CHHATTISGARH,RAIGAD,CITY,C,OTHER,261,C00437,1
CHHATTISGARH,RAIGARH,CITY,C,OTHER,261,C00438,1
ANDHRA PRADESH,RAILWAY KODUR,CITY,C,OTHER,261,C00439,1
CHHATTISGARH,RAIPUR,CITY,C,OTHER,261,C00440,1
MADHYA PRADESH,RAISEN,CITY,C,OTHER,261,C00441,1
ANDHRA PRADESH,RAJAHMUNDR,CITY,C,OTHER,261,C00442,1
ANDHRA PRADESH,RAJAHMUNDRY,CITY,C,OTHER,261,C00443,1
ANDHRA PRADESH,RAJAMPET,CITY,C,OTHER,261,C00444,1
TAMIL NADU,RAJAPALAYA,CITY,C,OTHER,261,C00445,1
ODISHA,RAJGANGPUR,CITY,C,OTHER,261,C00446,1
GUJARAT,RAJKOT,CITY,C,OTHER,261,C00447,1
PUNJAB,RAJPURA,CITY,C,OTHER,261,C00448,1
GUJARAT,RAKANPUR,CITY,C,OTHER,261,C00449,1
UTTAR PRADESH,RAMPUR,CITY,C,OTHER,261,C00450,1
JHARKHAND,RANCHI,CITY,C,OTHER,261,C00451,1
KARNATAKA,RANEBENNURU,CITY,C,OTHER,261,C00452,1
TELANGANA,RANGA REDDY,CITY,C,OTHER,261,C00453,1
KERALA,RANNY,CITY,C,OTHER,261,C00454,1
GUJARAT,RAPAR,CITY,C,OTHER,261,C00455,1
MAHARASHTRA,RATNAGIRI,CITY,C,OTHER,261,C00456,1
ODISHA,RAYAGADA,CITY,C,OTHER,261,C00457,1
HARYANA,REWARI,CITY,C,OTHER,261,C00458,1
DELHI,RITHALA,CITY,C,OTHER,261,C00459,1
HARYANA,ROHTAK,CITY,C,OTHER,261,C00460,1
UTTARAKHAND,ROORKEE,CITY,C,OTHER,261,C00461,1
ODISHA,ROURKELA,CITY,C,OTHER,261,C00462,1
UTTARAKHAND,RUDRAPUR,CITY,C,OTHER,261,C00463,1
KARNATAKA,SADALGA,CITY,C,OTHER,261,C00464,1
MADHYA PRADESH,SAGAR,CITY,C,OTHER,261,C00465,1
KARNATAKA,SAGARA,CITY,C,OTHER,261,C00466,1
UTTAR PRADESH,SAHARANPUR,CITY,C,OTHER,261,C00467,1
TAMIL NADU,SALEM,CITY,C,OTHER,261,C00468,1
ODISHA,SAMBALPUR,CITY,C,OTHER,261,C00469,1
GUJARAT,SANAND,CITY,C,OTHER,261,C00470,1
MAHARASHTRA,SANGAMNER,CITY,C,OTHER,261,C00471,1
MAHARASHTRA,SANGLI,CITY,C,OTHER,261,C00472,1
TAMIL NADU,SANKARI,CITY,C,OTHER,261,C00473,1
GUJARAT,SANTEJ,CITY,C,OTHER,261,C00474,1
TELANGANA,SARAPAKA,CITY,C,OTHER,261,C00475,1
MAHARASHTRA,SATARA,CITY,C,OTHER,261,C00476,1
TELANGANA,SATHUPALLY,CITY,C,OTHER,261,C00477,1
ANDHRA PRADESH,SATTENAPALLI,CITY,C,OTHER,261,C00478,1
TELANGANA,SECUNDERABAD,CITY,C,OTHER,261,C00479,1
MADHYA PRADESH,SEHORE,CITY,C,OTHER,261,C00480,1
TELANGANA,SHADNAGAR,CITY,C,OTHER,261,C00481,1
HARYANA,SHAHABAD,CITY,C,OTHER,261,C00482,1
MAHARASHTRA,SHAHADA,CITY,C,OTHER,261,C00483,1
MADHYA PRADESH,SHAHDOL,CITY,C,OTHER,261,C00484,1
UTTAR PRADESH,SHAHJAHANPUR,CITY,C,OTHER,261,C00485,1
KARNATAKA,SHAKTHINAGAR,CITY,C,OTHER,261,C00486,1
MAHARASHTRA,SHEGAON,CITY,C,OTHER,261,C00487,1
KARNATAKA,SHIKARIPUR,CITY,C,OTHER,261,C00488,1
MAHARASHTRA,SHIROLI,CITY,C,OTHER,261,C00489,1
MAHARASHTRA,SHIRPUR,CITY,C,OTHER,261,C00490,1
KARNATAKA,SHIVAMOGGA,CITY,C,OTHER,261,C00491,1
RAJASTHAN,SIKAR,CITY,C,OTHER,261,C00492,1
WEST BENGAL,SILIGURI,CITY,C,OTHER,261,C00493,1
MAHARASHTRA,SINDHUGURG,CITY,C,OTHER,261,C00494,1
MADHYA PRADESH,SINGRAULI,CITY,C,OTHER,261,C00495,1
ANDHRA PRADESH,SIRIGIRIPA,CITY,C,OTHER,261,C00496,1
TELANGANA,SIRPUR KAGAJNAGAR,CITY,C,OTHER,261,C00497,1
HARYANA,SIRSA,CITY,C,OTHER,261,C00498,1
HIMACHAL PRADESH,SOLAN,CITY,C,OTHER,261,C00499,1
MAHARASHTRA,SOLAPUR,CITY,C,OTHER,261,C00500,1
ANDHRA PRADESH,SOMPETA,CITY,C,OTHER,261,C00501,1
UTTAR PRADESH,SONEBHADRA,CITY,C,OTHER,261,C00502,1
HARYANA,SONIPAT,CITY,C,OTHER,261,C00503,1
ANDHRA PRADESH,SRIKAKULAM,CITY,C,OTHER,261,C00504,1
JAMMU AND KASHMIR,SRINAGAR,CITY,C,OTHER,261,C00505,1
MAHARASHTRA,SULTANPUR,CITY,C,OTHER,261,C00506,1
KERALA,SULTHAN BATHERY,CITY,C,OTHER,261,C00507,1
GUJARAT,SURAT,CITY,C,OTHER,261,C00508,1
GUJARAT,SURENDRANAGAR,CITY,C,OTHER,261,C00509,1
TELANGANA,SURYAPET,CITY,C,OTHER,261,C00510,1
TELANGANA,TALLADA,CITY,C,OTHER,261,C00511,1
MAHARASHTRA,TALUKA HAV,CITY,C,OTHER,261,C00512,1
TELANGANA,TANDUR,CITY,C,OTHER,261,C00513,1
PUNJAB,TAPA-MANDI,CITY,C,OTHER,261,C00514,1
GUJARAT,TAPI,CITY,C,OTHER,261,C00515,1
PUNJAB,TARN TARAN,CITY,C,OTHER,261,C00516,1
MAHARASHTRA,TASGAON,CITY,C,OTHER,261,C00517,1
TELANGANA,TEKULAPALLY,CITY,C,OTHER,261,C00518,1
TAMIL NADU,TEYNAMPET,CITY,C,OTHER,261,C00519,1
KERALA,THALASSERY,CITY,C,OTHER,261,C00520,1
KERALA,THALAYOLAP,CITY,C,OTHER,261,C00521,1
MAHARASHTRA,THANE,CITY,C,OTHER,261,C00522,1
TAMIL NADU,THANJAVUR,CITY,C,OTHER,261,C00523,1
TAMIL NADU,THENI,CITY,C,OTHER,261,C00524,1
KERALA,THIRUVALLA,CITY,C,OTHER,261,C00525,1
KERALA,THIRUVALLUR,CITY,C,OTHER,261,C00526,1
KERALA,THIRUVANANTHAPURAM,CITY,C,OTHER,261,C00527,1
KERALA,Thodupuzha,CITY,C,OTHER,261,C00528,1
TELANGANA,THORRUR,CITY,C,OTHER,261,C00529,1
KERALA,THRISSUR,CITY,C,OTHER,261,C00530,1
MAHARASHTRA,TIRODA,CITY,C,OTHER,261,C00531,1
TAMIL NADU,TIRUCHIRAPPALLI,CITY,C,OTHER,261,C00532,1
TAMIL NADU,TIRUNELVELI,CITY,C,OTHER,261,C00533,1
ANDHRA PRADESH,TIRUPATHI,CITY,C,OTHER,261,C00534,1
TAMIL NADU,TIRUPATTUR,CITY,C,OTHER,261,C00535,1
TAMIL NADU,TIRUPUR,CITY,C,OTHER,261,C00536,1
KARNATAKA,TIRUVALLUR,CITY,C,OTHER,261,C00537,1
KERALA,"Trichur, triprayar",CITY,C,OTHER,261,C00538,1
KERALA,TRIVANDRUM,CITY,C,OTHER,261,C00539,1
KARNATAKA,TUMKUR,CITY,C,OTHER,261,C00540,1
MAHARASHTRA,TURBHE,CITY,C,OTHER,261,C00541,1
TAMIL NADU,TUTICORIN,CITY,C,OTHER,261,C00542,1
RAJASTHAN,UDAIPUR,CITY,C,OTHER,261,C00543,1
TAMIL NADU,UDAMALPET,CITY,C,OTHER,261,C00544,1
MAHARASHTRA,UDGIR,CITY,C,OTHER,261,C00545,1
UTTARAKHAND,UDHAM SINGH NAGAR,CITY,C,OTHER,261,C00546,1
MADHYA PRADESH,UJJAIN,CITY,C,OTHER,261,C00547,1
MAHARASHTRA,ULHASNAGAR,CITY,C,OTHER,261,C00548,1
GUJARAT,VADODARA,CITY,C,OTHER,261,C00549,1
GUJARAT,VALLABH VIDHYANAGAR,CITY,C,OTHER,261,C00550,1
TAMIL NADU,VALLIYOOR,CITY,C,OTHER,261,C00551,1
GUJARAT,VALSAD,CITY,C,OTHER,261,C00552,1
MAHARASHTRA,VAMBORI,CITY,C,OTHER,261,C00553,1
TAMIL NADU,VANIYAMBADI,CITY,C,OTHER,261,C00554,1
GUJARAT,VAPI,CITY,C,OTHER,261,C00555,1
UTTAR PRADESH,VARANASI,CITY,C,OTHER,261,C00556,1
TELANGANA,VARDHANNAPET,CITY,C,OTHER,261,C00557,1
DAMAN AND DIU,VELAGUM,CITY,C,OTHER,261,C00558,1
TAMIL NADU,VELLORE,CITY,C,OTHER,261,C00559,1
TELANGANA,VENKATAPURAM,CITY,C,OTHER,261,C00560,1
ANDHRA PRADESH,VIJAYAWADA,CITY,C,OTHER,261,C00561,1
KARNATAKA,VIJAYPURA,CITY,C,OTHER,261,C00562,1
TELANGANA,VIKARABAD,CITY,C,OTHER,261,C00563,1
TAMIL NADU,VILLAGE: S,CITY,C,OTHER,261,C00564,1
MAHARASHTRA,VILLAGE:KALHER,CITY,C,OTHER,261,C00565,1
TAMIL NADU,VILLUPURAM,CITY,C,OTHER,261,C00566,1
GUJARAT,VIRAMGAM,CITY,C,OTHER,261,C00567,1
ANDHRA PRADESH,VISAKHAPATNAM,CITY,C,OTHER,261,C00568,1
GUJARAT,VISNAGAR,CITY,C,OTHER,261,C00569,1
ANDHRA PRADESH,VIZIANAGARAM,CITY,C,OTHER,261,C00570,1
TELANGANA,VM BANJARU,CITY,C,OTHER,261,C00571,1
MAHARASHTRA,WAJEGAON,CITY,C,OTHER,261,C00572,1
MAHARASHTRA,WALUJ,CITY,C,OTHER,261,C00573,1
TELANGANA,WANAPARTHY,CITY,C,OTHER,261,C00574,1
TELANGANA,WARANGAL,CITY,C,OTHER,261,C00575,1
MAHARASHTRA,WASHIM,CITY,C,OTHER,261,C00576,1
ANDHRA PRADESH,WEST GODAVARI,CITY,C,OTHER,261,C00577,1
TELANGANA,WYRA,CITY,C,OTHER,261,C00578,1
HARYANA,YAMUNANAGAR,CITY,C,OTHER,261,C00579,1
MAHARASHTRA,YAVATMAL,CITY,C,OTHER,261,C00580,1
TELANGANA,YELLANDY,CITY,C,OTHER,261,C00581,1
ANDHRA PRADESH,YERRAGONDAPALEM,CITY,C,OTHER,261,C00582,1
TELANGANA,YERRAVALLY X ROAD,CITY,C,OTHER,261,C00583,1
